{
  "presets": {
    "District": {
      "primary_text_color": "#4f4f4f",
      "primary_title_color": "#000000",
      "primary_background_color": "#ffffff",
      "content_box_background_color": "#f3f3f3",
      "primary_accent_color": "#209a9a",
      "primary_dropshadow": false,
      "homepage_show_borders": true,
      "site_border_color": "#e9e9e9",
      "site_border_text_color": "#505050",
      "site_header_title_text_color": "#000000",
      "site_header_nav_text_color": "#000000",
      "site_header_background_color": "#ffffff",
      "site_header_accent_color": "#209a9a",
      "footer_background_color": "#e9e9e9",
      "footer_title_text_color": "#606060",
      "footer_title_accent_color": "#565656",
      "typography_body_font": "ibm_plex_sans_n4",
      "typography_base_size_modify": "1",
      "typography_headings_font": "archivo_narrow_n4",
      "typography_header_base_size_modify": "1",
      "typography_headings_capitalize": false,
      "typography_headings_bold": false,
      "typography_navigation_font": "ibm_plex_sans_n4",
      "favicon": "",
      "collections_product_ratio": "100%",
      "collection_product_auto_crop": false,
      "collections_product_columns": "2",
      "show_vendors": false,
      "variant_rollover": true,
      "ajax_cart_enable": true,
      "show_breadcrumbs": "desktop",
      "cart_icon": "cart",
      "social_twitter_link": "",
      "social_facebook_link": "",
      "social_instagram_link": "",
      "social_pinterest_link": "",
      "social_tumblr_link": "",
      "social_youtube_link": "",
      "social_snapchat_link": "",
      "social_spotify_link": "",
      "social_googleplus_link": "",
      "social_medium_link": "",
      "social_linkedin_link": "",
      "social_amazon_link": "",
      "social_share_facebook_enabled": true,
      "social_share_twitter_enabled": true,
      "social_share_pinterest_enabled": true,
      "social_share_googleplus_enabled": false,
      "social_share_fancy_enabled": false,
      "newsletter_type": "shopify",
      "email_offer_form_action": "",
      "checkout_header_image": "",
      "checkout_logo_image": "",
      "checkout_logo_position": "left",
      "checkout_logo_size": "medium",
      "checkout_body_background_image": "",
      "checkout_body_background_color": "#fff",
      "checkout_input_background_color_mode": "white",
      "checkout_sidebar_background_image": "",
      "checkout_sidebar_background_color": "#fafafa",
      "checkout_heading_font": "Open Sans",
      "checkout_body_font": "Open Sans",
      "checkout_accent_color": "#008080",
      "checkout_button_color": "#008080",
      "checkout_error_color": "#ff6d6d",
      "sections": {
        "promos": {
          "type": "promos",
          "blocks": {
            "1482143996282": {
              "type": "announcement-bar",
              "settings": {
                "title": "Promote free shipping, an upcoming sale, or an announcement.",
                "link": "",
                "color_background": "#008080",
                "color_text": "#FFFFFF",
                "show_for": "both",
                "bar_size": "default",
                "bar_placement": "top"
              }
            },
            "1482144691692": {
              "type": "popup",
              "settings": {
                "title": "Promotional popup",
                "image": "",
                "color_text": "#4f4f4f",
                "color_accent": "#008080",
                "color_background": "#FFFFFF",
                "homepage_limit": false,
                "show_for": "both",
                "newsletter": true,
                "visitor_limit": true
              }
            }
          },
          "block_order": [
            "1482143996282",
            "1482144691692"
          ],
          "settings": {
            "scroll_lock": false
          }
        },
        "header": {
          "type": "header",
          "settings": {
            "header_layout": "vertical",
            "logo": "",
            "logo_max_width": 280,
            "main_linklist": "main-menu",
            "scroll_lock": "util",
            "minimal_padding": "normal",
            "top_bar_full_width": true,
            "header_full_width": false
          }
        },
        "footer": {
          "type": "footer",
          "blocks": {
            "1477520939001": {
              "type": "newsletter",
              "settings": {
                "title": "Newsletter"
              }
            },
            "1477519548048": {
              "type": "menu",
              "settings": {
                "title": "Customer care",
                "text": "Get answers to your questions",
                "footer_linklist": "footer"
              }
            },
            "1477519493091": {
              "type": "menu",
              "settings": {
                "title": "Featured collections",
                "text": "Browse our popular products",
                "footer_linklist": "main-menu"
              }
            },
            "1477603756570": {
              "type": "contact",
              "settings": {
                "title": "Get in touch",
                "show_contact": true,
                "phone": "1.877.555.9300",
                "contact_text": "Contact Us",
                "contact_link": "shopify:\/\/pages\/contact-us",
                "address": "",
                "show_social": true
              }
            }
          },
          "block_order": [
            "1477520939001",
            "1477519548048",
            "1477519493091",
            "1477603756570"
          ],
          "settings": {
          }
        },
        "1481011869014": {
          "type": "slideshow",
          "blocks": {
            "1481011869014-0": {
              "type": "image",
              "settings": {
                "image": "",
                "link": "",
                "title": "Slide",
                "text": "<p>Add brief details about this slide.<\/p>",
                "button_label": "See more",
                "button_link": "shopify:\/\/collections\/all",
                "vertical_alignment": "align-center",
                "horizontal_alignment": "justify-center",
                "color_text": "#000000",
                "color_accent": "#008080",
                "color_overlay": "#ffffff",
                "color_overlay_alpha_range": 0
              }
            },
            "1481011869014-1": {
              "type": "image",
              "settings": {
                "image": "",
                "link": "",
                "title": "Slide",
                "text": "<p>Add brief details about this slide.<\/p>",
                "button_label": "See more",
                "button_link": "shopify:\/\/collections\/all",
                "vertical_alignment": "align-center",
                "horizontal_alignment": "justify-center",
                "color_text": "#000000",
                "color_accent": "#008080",
                "color_overlay": "#ffffff",
                "color_overlay_alpha_range": 0
              }
            },
            "1481011869014-2": {
              "type": "image",
              "settings": {
                "image": "",
                "link": "",
                "title": "Slide",
                "text": "<p>Add brief details about this slide.<\/p>",
                "button_label": "See more",
                "button_link": "shopify:\/\/collections\/all",
                "vertical_alignment": "align-center",
                "horizontal_alignment": "justify-center",
                "color_text": "#000000",
                "color_accent": "#008080",
                "color_overlay": "#ffffff",
                "color_overlay_alpha_range": 0
              }
            }
          },
          "block_order": [
            "1481011869014-0",
            "1481011869014-1",
            "1481011869014-2"
          ],
          "settings": {
            "full_width": true,
            "autoplay": true,
            "autoplay_speed_range": 4,
            "show_dots": true,
            "show_arrows": false
          }
        },
        "1481011878590": {
          "type": "gallery",
          "blocks": {
            "1481011878590-0": {
              "type": "image",
              "settings": {
                "image": "",
                "link": "",
                "title": "Image title"
              }
            },
            "1481011878590-1": {
              "type": "image",
              "settings": {
                "image": "",
                "link": "",
                "title": "Image title"
              }
            },
            "1481011878590-2": {
              "type": "image",
              "settings": {
                "image": "",
                "link": "",
                "title": "Image title"
              }
            },
            "1481011878590-3": {
              "type": "image",
              "settings": {
                "image": "",
                "link": "",
                "title": "Image title"
              }
            },
            "1481011878590-4": {
              "type": "image",
              "settings": {
                "image": "",
                "link": "",
                "title": "Image title"
              }
            }
          },
          "block_order": [
            "1481011878590-0",
            "1481011878590-1",
            "1481011878590-2",
            "1481011878590-3",
            "1481011878590-4"
          ],
          "settings": {
            "title": "Featured grid",
            "full_width": false,
            "section_padding": true,
            "gutter": true,
            "images_per_row_range": 3,
            "text_placement": "below",
            "color_overlay": "#000000",
            "color_overlay_hover": "#008080",
            "color_overlay_text": "#FFFFFF",
            "color_overlay_alpha_range": 0,
            "zoom": true
          }
        },
        "product-template": {
          "type": "product-template",
          "settings": {
            "show_vendors": false,
            "size_guide_page": "",
            "product_quantity_enable": true,
            "show_payment_button": true,
            "product_box_padding": true,
            "variant_style": "buttons",
            "variant_swatch_images": false,
            "variant_swatch_shape": "circle",
            "enable_image_slider": true,
            "show_dots": true,
            "show_arrows": true,
            "thumbnails_placement": "below",
            "enable_thumb_slider": true,
            "product_featured_zoom_enable": true,
            "product_featured_lightbox_enable": true,
            "show_product_jump": false,
            "trust_badge": "",
            "show_share_buttons": true
          }
        },
        "collection-template": {
          "type": "collection-template",
          "blocks": {
            "1481677963388": {
              "type": "menu",
              "settings": {
                "linklist": "main-menu"
              }
            },
            "1481677984912": {
              "type": "tags",
              "settings": {
                "title": "Filter products",
                "tag_style": "buttons",
                "tag_grouping": true
              }
            }
          },
          "block_order": [
            "1481677963388",
            "1481677984912"
          ],
          "settings": {
            "image_placement": "default",
            "sort_enable": true,
            "layout_enable": true
          }
        },
        "list-collections-template": {
          "type": "list-collections-template",
          "blocks": {
            "1484256559451": {
              "type": "collection",
              "settings": {
                "collection": ""
              }
            },
            "1484256561216": {
              "type": "collection",
              "settings": {
                "collection": ""
              }
            },
            "1484256562272": {
              "type": "collection",
              "settings": {
                "collection": ""
              }
            }
          },
          "block_order": [
            "1484256559451",
            "1484256561216",
            "1484256562272"
          ],
          "settings": {
            "title": "All collections",
            "layout": "grid"
          }
        },
        "blog-template": {
          "type": "blog-template",
          "blocks": {
            "1481793110411": {
              "type": "recent_posts",
              "settings": {
                "title": "Recent posts",
                "article_count_range": 3,
                "show_date": true
              }
            },
            "1481793118498": {
              "type": "tags",
              "settings": {
                "title": "Blog categories"
              }
            },
            "1481793121738": {
              "type": "rss",
              "settings": {
                "title": "RSS feed"
              }
            }
          },
          "block_order": [
            "1481793110411",
            "1481793118498",
            "1481793121738"
          ],
          "settings": {
            "show_title": true,
            "blog_layout": "column",
            "show_image_first": "after",
            "show_author": true,
            "show_date": true,
            "center_title": true,
            "show_tags": true,
            "show_comments": true
          }
        },
        "article-template": {
          "type": "article-template",
          "blocks": {
            "1481845836398": {
              "type": "recent_posts",
              "settings": {
                "title": "Recent posts",
                "article_count_range": 3,
                "show_date": true
              }
            },
            "1481845845733": {
              "type": "tags",
              "settings": {
                "title": "Blog categories"
              }
            },
            "1481845849086": {
              "type": "rss",
              "settings": {
                "title": "RSS feed"
              }
            }
          },
          "block_order": [
            "1481845836398",
            "1481845845733",
            "1481845849086"
          ],
          "settings": {
            "show_title": true,
            "show_image_first": "after",
            "show_author": true,
            "show_date": true,
            "center_title": true
          }
        },
        "cart-template": {
          "type": "cart-template",
          "settings": {
            "show_notes": true,
            "show_vendors": true,
            "extra_featured_products": "",
            "variant_rollover": true
          }
        },
        "1482079423671": {
          "type": "featured-collection",
          "settings": {
            "text": "Use this text to provide customer with details about the collection",
            "button_label": "View More",
            "button_link": "shopify:\/\/collections\/all",
            "collection": "",
            "product_count_range": 6
          }
        },
        "1482079506908": {
          "type": "simple-collection",
          "settings": {
            "center_heading": false,
            "button_label": "View More",
            "button_link": "shopify:\/\/collections\/all",
            "collection": "",
            "product_count_range": 4
          }
        },
        "1482145142348": {
          "type": "lookbook-preview",
          "blocks": {
            "1482145142348-0": {
              "type": "icon_image",
              "settings": {
                "image": "",
                "link": ""
              }
            },
            "1482145142348-1": {
              "type": "image",
              "settings": {
                "image": "",
                "link": "",
                "full_width": true
              }
            }
          },
          "block_order": [
            "1482145142348-0",
            "1482145142348-1"
          ],
          "settings": {
            "title": "",
            "button_label": "Browse the look",
            "button_link": "shopify:\/\/collections\/all"
          }
        },
        "1482145227743": {
          "type": "featured-blog",
          "settings": {
            "title": "Latest updates",
            "blog": "",
            "button_label": "View the blog",
            "post_limit": "3",
            "align_text": "center",
            "show_image_first": true,
            "show_dates": true,
            "show_excerpts": true,
            "show_read_more": true
          }
        },
        "1482145252346": {
          "type": "custom-content",
          "blocks": {
            "1482145286795": {
              "type": "video",
              "settings": {
                "video_url": "https:\/\/www.youtube.com\/watch?v=_9VUPq3SxOc",
                "full_width": false
              }
            },
            "1482145252346-0": {
              "type": "image",
              "settings": {
                "image": "",
                "link": "",
                "full_width": false
              }
            },
            "1482145252346-1": {
              "type": "richtext",
              "settings": {
                "title": "",
                "text": "<p>Use this text to share information about your brand with your customers. Describe a product, share announcements, or welcome customers to your store.<\/p>"
              }
            }
          },
          "block_order": [
            "1482145286795",
            "1482145252346-0",
            "1482145252346-1"
          ],
          "settings": {
            "title": "Custom content",
            "alignment": "center"
          }
        },
        "collection-list-template": {
          "type": "collection-list-template",
          "blocks": {
            "1482292067654": {
              "type": "menu",
              "settings": {
                "linklist": "main-menu"
              }
            },
            "1482292071355": {
              "type": "tags",
              "settings": {
                "title": "Shop by",
                "tag_style": "buttons",
                "tag_grouping": false
              }
            }
          },
          "block_order": [
            "1482292067654",
            "1482292071355"
          ],
          "settings": {
            "image_placement": "default",
            "sort_enable": true,
            "layout_enable": true
          }
        },
        "search-template": {
          "type": "search-template",
          "settings": {
            "search_layout": "grid",
            "extra_featured_products": ""
          }
        },
        "1581665586907": {
          "type": "shop-the-look",
          "blocks": {
            "1581665586907-0": {
              "type": "image",
              "settings": {
                "image": "",
                "link": "",
                "enable_overlay": false,
                "title": "",
                "text": "",
                "product_1": "",
                "product_2": ""
              }
            },
            "1581665586907-1": {
              "type": "image",
              "settings": {
                "image": "",
                "link": "",
                "enable_overlay": false,
                "title": "",
                "text": "",
                "product_1": "",
                "product_2": ""
              }
            },
            "1581665586907-2": {
              "type": "image",
              "settings": {
                "image": "",
                "link": "",
                "enable_overlay": false,
                "title": "",
                "text": "",
                "product_1": "",
                "product_2": ""
              }
            },
            "1581665586907-3": {
              "type": "image",
              "settings": {
                "image": "",
                "link": "",
                "enable_overlay": false,
                "title": "",
                "text": "",
                "product_1": "",
                "product_2": ""
              }
            },
            "1581665586907-4": {
              "type": "image",
              "settings": {
                "image": "",
                "link": "",
                "enable_overlay": false,
                "title": "",
                "text": "",
                "product_1": "",
                "product_2": ""
              }
            },
            "1581665586907-5": {
              "type": "image",
              "settings": {
                "image": "",
                "link": "",
                "enable_overlay": false,
                "title": "",
                "text": "",
                "product_1": "",
                "product_2": ""
              }
            }
          },
          "block_order": [
            "1581665586907-0",
            "1581665586907-1",
            "1581665586907-2",
            "1581665586907-3",
            "1581665586907-4",
            "1581665586907-5"
          ],
          "settings": {
            "title": "Shop The Look",
            "show_button": true,
            "button_label": "Follow Us",
            "link": "",
            "full_width": true,
            "images_per_row": 6,
            "images_per_row_mobile": 2,
            "image_ratio": "100%"
          }
        }
      },
      "content_for_index": [
        "1481011869014",
        "1481011878590",
        "1482145142348",
        "1482079423671",
        "1482079506908",
        "1581665586907",
        "1482145227743",
        "1482145252346"
      ]
    },
    "Energy": {
      "primary_text_color": "#3b3a3d",
      "primary_title_color": "#3b3a3d",
      "primary_background_color": "#fafafa",
      "content_box_background_color": "#ffffff",
      "primary_accent_color": "#442778",
      "primary_dropshadow": false,
      "homepage_show_borders": false,
      "site_border_color": "#65636a",
      "site_border_text_color": "#ffffff",
      "site_header_title_text_color": "#ffffff",
      "site_header_nav_text_color": "#d6d4da",
      "site_header_background_color": "#1b1b1b",
      "site_header_accent_color": "#ffffff",
      "footer_background_color": "#1b1b1b",
      "footer_title_text_color": "#d6d4da",
      "footer_title_accent_color": "#ffffff",
      "typography_body_font": "lato_n4",
      "typography_base_size_modify": "1",
      "typography_headings_font": "lato_n7",
      "typography_header_base_size_modify": "1",
      "typography_headings_capitalize": "false",
      "typography_headings_bold": "false",
      "typography_navigation_font": "lato_n4",
      "favicon": "",
      "collections_product_columns": "2",
      "show_vendors": false,
      "variant_rollover": true,
      "ajax_cart_enable": true,
      "cart_icon": "basket",
      "social_twitter_link": "",
      "social_facebook_link": "",
      "social_instagram_link": "",
      "social_pinterest_link": "",
      "social_tumblr_link": "",
      "social_youtube_link": "",
      "social_snapchat_link": "",
      "social_spotify_link": "",
      "social_googleplus_link": "",
      "social_medium_link": "",
      "social_linkedin_link": "",
      "social_amazon_link": "",
      "social_share_facebook_enabled": true,
      "social_share_twitter_enabled": true,
      "social_share_pinterest_enabled": true,
      "social_share_googleplus_enabled": false,
      "social_share_fancy_enabled": false,
      "newsletter_type": "shopify",
      "email_offer_form_action": "",
      "checkout_header_image": "",
      "checkout_logo_image": "",
      "checkout_logo_position": "left",
      "checkout_logo_size": "medium",
      "checkout_body_background_image": "",
      "checkout_body_background_color": "#ffffff",
      "checkout_input_background_color_mode": "white",
      "checkout_sidebar_background_image": "",
      "checkout_sidebar_background_color": "#fafafa",
      "checkout_heading_font": "Helvetica Neue",
      "checkout_body_font": "Helvetica Neue",
      "checkout_accent_color": "#442778",
      "checkout_button_color": "#442778",
      "checkout_error_color": "#ff6d6d",
      "sections": {
        "promos": {
          "type": "promos",
          "blocks": {
            "1482143996282": {
              "type": "announcement-bar",
              "settings": {
                "title": "Promote free shipping, an upcoming sale, or an announcement.",
                "link": "",
                "color_background": "#482e78",
                "color_text": "#FFFFFF",
                "show_for": "both",
                "bar_size": "large",
                "bar_placement": "top"
              }
            },
            "1482144691692": {
              "type": "popup",
              "settings": {
                "title": "Promotional popup",
                "image": "",
                "color_text": "#d6d4da",
                "color_accent": "#ffffff",
                "color_background": "#1b1b1b",
                "homepage_limit": false,
                "show_for": "desktop",
                "newsletter": true,
                "visitor_limit": true
              }
            },
            "1482294551040": {
              "type": "signup-bar",
              "settings": {
                "color_text": "#FFFFFF",
                "color_accent": "#ffffff",
                "color_background": "#482e78",
                "homepage_limit": false,
                "show_for": "mobile",
                "bar_size": "default",
                "bar_placement": "bottom",
                "newsletter": true,
                "visitor_limit": true
              }
            }
          },
          "block_order": [
            "1482143996282",
            "1482144691692",
            "1482294551040"
          ],
          "settings": {
            "scroll_lock": false
          }
        },
        "header": {
          "type": "header",
          "settings": {
            "header_layout": "horizontal",
            "logo": "",
            "logo_max_width": 280,
            "main_linklist": "main-menu",
            "scroll_lock": "header",
            "minimal_padding": "minimal",
            "top_bar_full_width": true,
            "header_full_width": true
          }
        },
        "footer": {
          "type": "footer",
          "blocks": {
            "1477603756570": {
              "type": "contact",
              "settings": {
                "title": "Get in touch",
                "show_contact": true,
                "phone": "1.877.555.9300",
                "contact_text": "Contact Us",
                "contact_link": "shopify:\/\/pages\/contact-us",
                "address": "",
                "show_social": true
              }
            },
            "1477519548048": {
              "type": "menu",
              "settings": {
                "title": "Customer care",
                "text": "Get answers to your questions",
                "footer_linklist": "footer"
              }
            },
            "1477519493091": {
              "type": "menu",
              "settings": {
                "title": "Featured collections",
                "text": "Browse our popular products",
                "footer_linklist": "main-menu"
              }
            },
            "1477520939001": {
              "type": "newsletter",
              "settings": {
                "title": "Newsletter"
              }
            }
          },
          "block_order": [
            "1477603756570",
            "1477519548048",
            "1477519493091",
            "1477520939001"
          ],
          "settings": {
          }
        },
        "1481011869014": {
          "type": "slideshow",
          "blocks": {
            "1483214154738": {
              "type": "video",
              "settings": {
                "video_url": "https:\/\/www.youtube.com\/watch?v=_9VUPq3SxOc",
                "image": "",
                "link": "",
                "title": "Slide",
                "text": "<p>Add brief details about this slide.<\/p>",
                "button_label": "",
                "button_link": "",
                "vertical_alignment": "align-center",
                "horizontal_alignment": "justify-center",
                "color_text": "#ffffff",
                "color_accent": "#7c51cd",
                "color_overlay": "#000000",
                "color_overlay_alpha_range": 70
              }
            },
            "1481011869014-0": {
              "type": "image",
              "settings": {
                "image": "",
                "link": "",
                "title": "Slide",
                "text": "<p>Add brief details about this slide.<\/p>",
                "button_label": "See more",
                "button_link": "",
                "vertical_alignment": "align-center",
                "horizontal_alignment": "justify-center",
                "color_text": "#ffffff",
                "color_accent": "#7c51cd",
                "color_overlay": "#000000",
                "color_overlay_alpha_range": 70
              }
            },
            "1481011869014-1": {
              "type": "image",
              "settings": {
                "image": "",
                "link": "",
                "title": "Slide",
                "text": "<p>Add brief details about this slide.<\/p>",
                "button_label": "See more",
                "button_link": "",
                "vertical_alignment": "align-center",
                "horizontal_alignment": "justify-center",
                "color_text": "#ffffff",
                "color_accent": "#7c51cd",
                "color_overlay": "#000000",
                "color_overlay_alpha_range": 70
              }
            }
          },
          "block_order": [
            "1483214154738",
            "1481011869014-0",
            "1481011869014-1"
          ],
          "settings": {
            "full_width": true,
            "autoplay": false,
            "autoplay_speed_range": 5,
            "show_dots": false,
            "show_arrows": false
          }
        },
        "product-template": {
          "type": "product-template",
          "settings": {
            "show_vendors": true,
            "size_guide_page": "",
            "product_quantity_enable": false,
            "show_payment_button": true,
            "product_box_padding": false,
            "variant_style": "buttons",
            "variant_swatch_images": false,
            "variant_swatch_shape": "circle",
            "enable_image_slider": true,
            "show_dots": false,
            "show_arrows": false,
            "thumbnails_placement": "side",
            "enable_thumb_slider": true,
            "product_featured_zoom_enable": true,
            "product_featured_lightbox_enable": true,
            "show_product_jump": false,
            "trust_badge": "",
            "show_share_buttons": true
          }
        },
        "collection-template": {
          "type": "collection-template",
          "blocks": {
            "1481677963388": {
              "type": "menu",
              "settings": {
                "linklist": "main-menu"
              }
            },
            "1481677984912": {
              "type": "tags",
              "settings": {
                "title": "Filter products",
                "tag_style": "buttons",
                "tag_grouping": true
              }
            }
          },
          "block_order": [
            "1481677963388",
            "1481677984912"
          ],
          "settings": {
            "image_placement": "default",
            "sort_enable": true,
            "layout_enable": true
          }
        },
        "list-collections-template": {
          "type": "list-collections-template",
          "blocks": {
            "1484256559451": {
              "type": "collection",
              "settings": {
                "collection": ""
              }
            },
            "1484256561216": {
              "type": "collection",
              "settings": {
                "collection": ""
              }
            },
            "1484256562272": {
              "type": "collection",
              "settings": {
                "collection": ""
              }
            }
          },
          "block_order": [
            "1484256559451",
            "1484256561216",
            "1484256562272"
          ],
          "settings": {
            "title": "All collections",
            "layout": "grid"
          }
        },
        "blog-template": {
          "type": "blog-template",
          "blocks": {
            "1481793110411": {
              "type": "recent_posts",
              "settings": {
                "title": "Recent posts",
                "article_count_range": 3,
                "show_date": true
              }
            },
            "1481793118498": {
              "type": "tags",
              "settings": {
                "title": "Blog categories"
              }
            },
            "1481793121738": {
              "type": "rss",
              "settings": {
                "title": "RSS feed"
              }
            }
          },
          "block_order": [
            "1481793110411",
            "1481793118498",
            "1481793121738"
          ],
          "settings": {
            "show_title": true,
            "blog_layout": "featured-columns",
            "show_image_first": "after",
            "show_author": true,
            "show_date": true,
            "center_title": true,
            "show_tags": true,
            "show_comments": true
          }
        },
        "article-template": {
          "type": "article-template",
          "blocks": {
            "1481845836398": {
              "type": "recent_posts",
              "settings": {
                "title": "Recent posts",
                "article_count_range": 3,
                "show_date": true
              }
            },
            "1481845845733": {
              "type": "tags",
              "settings": {
                "title": "Blog categories"
              }
            },
            "1481845849086": {
              "type": "rss",
              "settings": {
                "title": "RSS feed"
              }
            }
          },
          "block_order": [
            "1481845836398",
            "1481845845733",
            "1481845849086"
          ],
          "settings": {
            "show_title": true,
            "show_image_first": "after",
            "show_author": true,
            "show_date": true,
            "center_title": true
          }
        },
        "cart-template": {
          "type": "cart-template",
          "settings": {
            "show_notes": true,
            "show_vendors": true,
            "extra_featured_products": "",
            "variant_rollover": true
          }
        },
        "1482079423671": {
          "type": "featured-collection",
          "settings": {
            "text": "Use this text to provide customer with details about the collection",
            "button_label": "View More",
            "button_link": "shopify:\/\/collections\/all",
            "collection": "",
            "product_count_range": 4
          }
        },
        "1482079506908": {
          "type": "simple-collection",
          "settings": {
            "center_heading": false,
            "button_label": "View More",
            "button_link": "shopify:\/\/collections\/all",
            "collection": "",
            "product_count_range": 12
          }
        },
        "collection-list-template": {
          "type": "collection-list-template",
          "blocks": {
            "1482292067654": {
              "type": "menu",
              "settings": {
                "linklist": "main-menu"
              }
            },
            "1482292071355": {
              "type": "tags",
              "settings": {
                "title": "Shop by",
                "tag_style": "buttons",
                "tag_grouping": false
              }
            }
          },
          "block_order": [
            "1482292067654",
            "1482292071355"
          ],
          "settings": {
            "image_placement": "default",
            "sort_enable": true,
            "layout_enable": true
          }
        },
        "search-template": {
          "type": "search-template",
          "settings": {
            "search_layout": "grid",
            "extra_featured_products": ""
          }
        },
        "password-template": {
          "type": "password-template",
          "settings": {
            "logo": "",
            "logo_max_width": 280,
            "title": "Coming Soon",
            "show_newsletter": true,
            "show_social_share": true,
            "social_share_title": "Share the news",
            "color_text": "#3b3a3d",
            "color_title": "#3b3a3d",
            "color_background": "#fafafa",
            "color_accent": "#442778",
            "background_image": ""
          }
        },
        "1482294971465": {
          "type": "collection-list",
          "blocks": {
            "1482294971465-0": {
              "type": "featured_collection",
              "settings": {
                "collection": ""
              }
            },
            "1482294971465-1": {
              "type": "featured_collection",
              "settings": {
                "collection": ""
              }
            },
            "1482294971465-2": {
              "type": "featured_collection",
              "settings": {
                "collection": ""
              }
            }
          },
          "block_order": [
            "1482294971465-0",
            "1482294971465-1",
            "1482294971465-2"
          ],
          "settings": {
            "title": "",
            "full_width": true,
            "section_padding": false,
            "gutter": false,
            "columns_range": 3,
            "text_placement": "over",
            "color_overlay": "#1c1031",
            "color_overlay_hover": "#442778",
            "color_overlay_text": "#FFFFFF",
            "color_overlay_alpha_range": 50,
            "zoom": true
          }
        },
        "1484606083473": {
          "type": "hero",
          "settings": {
            "full_width": true,
            "image": "",
            "alignment": "center",
            "title": "",
            "hero_size": "x-small",
            "button_label": "",
            "button_link": "",
            "color_overlay": "#442778",
            "color_overlay_text": "#FFFFFF",
            "color_overlay_alpha_range": 100
          }
        },
        "1581665586907": {
          "type": "shop-the-look",
          "blocks": {
            "1581665586907-0": {
              "type": "image",
              "settings": {
                "image": "",
                "link": "",
                "enable_overlay": false,
                "title": "",
                "text": "",
                "product_1": "",
                "product_2": ""
              }
            },
            "1581665586907-1": {
              "type": "image",
              "settings": {
                "image": "",
                "link": "",
                "enable_overlay": false,
                "title": "",
                "text": "",
                "product_1": "",
                "product_2": ""
              }
            },
            "1581665586907-2": {
              "type": "image",
              "settings": {
                "image": "",
                "link": "",
                "enable_overlay": false,
                "title": "",
                "text": "",
                "product_1": "",
                "product_2": ""
              }
            },
            "1581665586907-3": {
              "type": "image",
              "settings": {
                "image": "",
                "link": "",
                "enable_overlay": false,
                "title": "",
                "text": "",
                "product_1": "",
                "product_2": ""
              }
            },
            "1581665586907-4": {
              "type": "image",
              "settings": {
                "image": "",
                "link": "",
                "enable_overlay": false,
                "title": "",
                "text": "",
                "product_1": "",
                "product_2": ""
              }
            },
            "1581665586907-5": {
              "type": "image",
              "settings": {
                "image": "",
                "link": "",
                "enable_overlay": false,
                "title": "",
                "text": "",
                "product_1": "",
                "product_2": ""
              }
            }
          },
          "block_order": [
            "1581665586907-0",
            "1581665586907-1",
            "1581665586907-2",
            "1581665586907-3",
            "1581665586907-4",
            "1581665586907-5"
          ],
          "settings": {
            "title": "Shop The Look",
            "show_button": true,
            "button_label": "Follow Us",
            "link": "",
            "full_width": true,
            "images_per_row": 6,
            "images_per_row_mobile": 2,
            "image_ratio": "100%"
          }
        }
      },
      "content_for_index": [
        "1481011869014",
        "1482294971465",
        "1482079423671",
        "1482079506908",
        "1581665586907",
        "1484606083473"
      ]
    },
    "Coast": {
      "primary_text_color": "#4f4f4f",
      "primary_title_color": "#000000",
      "primary_background_color": "#ffffff",
      "content_box_background_color": "#ffffff",
      "primary_accent_color": "#00b5ff",
      "primary_dropshadow": false,
      "homepage_show_borders": false,
      "site_border_color": "#222f3e",
      "site_border_text_color": "#e9f9ff",
      "site_header_title_text_color": "#000000",
      "site_header_nav_text_color": "#000000",
      "site_header_background_color": "#ffffff",
      "site_header_accent_color": "#00aeff",
      "footer_background_color": "#222f3e",
      "footer_title_text_color": "#e9f9ff",
      "footer_title_accent_color": "#ffffff",
      "typography_body_font": "ff_tisa_n4",
      "typography_base_size_modify": "1",
      "typography_headings_font": "ff_tisa_n7",
      "typography_header_base_size_modify": "1",
      "typography_headings_capitalize": "false",
      "typography_headings_bold": "false",
      "typography_navigation_font": "ff_tisa_sans_n5",
      "favicon": "",
      "collections_product_columns": "2",
      "show_vendors": false,
      "variant_rollover": true,
      "ajax_cart_enable": true,
      "cart_icon": "bag",
      "social_twitter_link": "",
      "social_facebook_link": "",
      "social_instagram_link": "",
      "social_pinterest_link": "",
      "social_tumblr_link": "",
      "social_youtube_link": "",
      "social_snapchat_link": "",
      "social_spotify_link": "",
      "social_googleplus_link": "",
      "social_medium_link": "",
      "social_linkedin_link": "",
      "social_amazon_link": "",
      "social_share_facebook_enabled": true,
      "social_share_twitter_enabled": true,
      "social_share_pinterest_enabled": true,
      "social_share_googleplus_enabled": false,
      "social_share_fancy_enabled": false,
      "newsletter_type": "shopify",
      "email_offer_form_action": "",
      "checkout_header_image": "",
      "checkout_logo_image": "",
      "checkout_logo_position": "left",
      "checkout_logo_size": "medium",
      "checkout_body_background_image": "",
      "checkout_body_background_color": "#fff",
      "checkout_input_background_color_mode": "white",
      "checkout_sidebar_background_image": "",
      "checkout_sidebar_background_color": "#00b5ff",
      "checkout_heading_font": "PT Serif",
      "checkout_body_font": "PT Serif",
      "checkout_accent_color": "#00b5ff",
      "checkout_button_color": "#00b5ff",
      "checkout_error_color": "#ff6d6d",
      "sections": {
        "promos": {
          "type": "promos",
          "blocks": {
            "1482143996282": {
              "type": "announcement-bar",
              "settings": {
                "title": "Promote free shipping, an upcoming sale, or an announcement.",
                "link": "",
                "color_background": "#00b5ff",
                "color_text": "#FFFFFF",
                "show_for": "both",
                "bar_size": "large",
                "bar_placement": "top"
              }
            },
            "1482144691692": {
              "type": "popup",
              "settings": {
                "title": "Promotional popup",
                "image": "",
                "color_text": "#ffffff",
                "color_accent": "#e9f9ff",
                "color_background": "#222f3e",
                "homepage_limit": false,
                "show_for": "desktop",
                "newsletter": true,
                "visitor_limit": true
              }
            }
          },
          "block_order": [
            "1482143996282",
            "1482144691692"
          ],
          "settings": {
            "scroll_lock": false
          }
        },
        "header": {
          "type": "header",
          "settings": {
            "header_layout": "horizontal",
            "logo": "",
            "logo_max_width": 280,
            "main_linklist": "main-menu",
            "scroll_lock": "util",
            "minimal_padding": "normal",
            "top_bar_full_width": true,
            "header_full_width": true
          }
        },
        "footer": {
          "type": "footer",
          "blocks": {
            "1477520939001": {
              "type": "newsletter",
              "settings": {
                "title": "Newsletter"
              }
            },
            "1477519493091": {
              "type": "menu",
              "settings": {
                "title": "Featured collections",
                "text": "Browse our popular products",
                "footer_linklist": "main-menu"
              }
            },
            "1477519548048": {
              "type": "menu",
              "settings": {
                "title": "Customer care",
                "text": "Get answers to your questions",
                "footer_linklist": "footer"
              }
            },
            "1477603756570": {
              "type": "contact",
              "settings": {
                "title": "Get in touch",
                "show_contact": true,
                "phone": "1.877.555.9300",
                "contact_text": "Contact Us",
                "contact_link": "shopify:\/\/pages\/contact-us",
                "address": "",
                "show_social": true
              }
            }
          },
          "block_order": [
            "1477520939001",
            "1477519493091",
            "1477519548048",
            "1477603756570"
          ],
          "settings": {
          }
        },
        "1481011869014": {
          "type": "slideshow",
          "blocks": {
            "1481011869014-0": {
              "type": "image",
              "settings": {
                "image": "",
                "link": "",
                "title": "Slide",
                "text": "<p>Add brief details about this slide.<\/p>",
                "button_label": "See more",
                "button_link": "shopify:\/\/collections\/all",
                "vertical_alignment": "align-center",
                "horizontal_alignment": "justify-center",
                "color_text": "#000000",
                "color_accent": "#00aeff",
                "color_overlay": "#ffffff",
                "color_overlay_alpha_range": 0
              }
            },
            "1481011869014-1": {
              "type": "image",
              "settings": {
                "image": "",
                "link": "",
                "title": "Slide",
                "text": "<p>Add brief details about this slide.<\/p>",
                "button_label": "See more",
                "button_link": "shopify:\/\/collections\/all",
                "vertical_alignment": "align-center",
                "horizontal_alignment": "justify-center",
                "color_text": "#000000",
                "color_accent": "#00aeff",
                "color_overlay": "#ffffff",
                "color_overlay_alpha_range": 0
              }
            },
            "1481011869014-2": {
              "type": "image",
              "settings": {
                "image": "",
                "link": "",
                "title": "Slide",
                "text": "<p>Add brief details about this slide.<\/p>",
                "button_label": "See more",
                "button_link": "shopify:\/\/collections\/all",
                "vertical_alignment": "align-center",
                "horizontal_alignment": "justify-center",
                "color_text": "#000000",
                "color_accent": "#00aeff",
                "color_overlay": "#ffffff",
                "color_overlay_alpha_range": 0
              }
            }
          },
          "block_order": [
            "1481011869014-0",
            "1481011869014-1",
            "1481011869014-2"
          ],
          "settings": {
            "full_width": true,
            "autoplay": true,
            "autoplay_speed_range": 4,
            "show_dots": true,
            "show_arrows": false
          }
        },
        "1481011878590": {
          "type": "gallery",
          "blocks": {
            "1481011878590-3": {
              "type": "image",
              "settings": {
                "image": "",
                "link": "",
                "title": "Image title"
              }
            },
            "1481011878590-4": {
              "type": "image",
              "settings": {
                "image": "",
                "link": "",
                "title": "Image title"
              }
            }
          },
          "block_order": [
            "1481011878590-3",
            "1481011878590-4"
          ],
          "settings": {
            "title": "",
            "full_width": false,
            "section_padding": true,
            "gutter": true,
            "images_per_row_range": 2,
            "text_placement": "over",
            "color_overlay": "#222f3e",
            "color_overlay_hover": "#00aeff",
            "color_overlay_text": "#FFFFFF",
            "color_overlay_alpha_range": 60,
            "zoom": true
          }
        },
        "product-template": {
          "type": "product-template",
          "settings": {
            "show_vendors": true,
            "size_guide_page": "",
            "product_quantity_enable": true,
            "show_payment_button": true,
            "product_box_padding": false,
            "variant_style": "buttons",
            "variant_swatch_images": false,
            "variant_swatch_shape": "circle",
            "enable_image_slider": true,
            "show_dots": false,
            "show_arrows": false,
            "thumbnails_placement": "side--left",
            "enable_thumb_slider": true,
            "product_featured_zoom_enable": true,
            "product_featured_lightbox_enable": true,
            "show_product_jump": false,
            "trust_badge": "",
            "show_share_buttons": true
          }
        },
        "collection-template": {
          "type": "collection-template",
          "settings": {
            "image_placement": "above-full",
            "sort_enable": true,
            "layout_enable": true
          }
        },
        "list-collections-template": {
          "type": "list-collections-template",
          "blocks": {
            "1484256559451": {
              "type": "collection",
              "settings": {
                "collection": ""
              }
            },
            "1484256561216": {
              "type": "collection",
              "settings": {
                "collection": ""
              }
            },
            "1484256562272": {
              "type": "collection",
              "settings": {
                "collection": ""
              }
            }
          },
          "block_order": [
            "1484256559451",
            "1484256561216",
            "1484256562272"
          ],
          "settings": {
            "title": "All collections",
            "layout": "preview"
          }
        },
        "blog-template": {
          "type": "blog-template",
          "blocks": {
            "1482309304883": {
              "type": "image",
              "settings": {
                "image": "",
                "link": ""
              }
            },
            "1481793110411": {
              "type": "recent_posts",
              "settings": {
                "title": "Recent posts",
                "article_count_range": 3,
                "show_date": true
              }
            },
            "1482309324470": {
              "type": "menu",
              "settings": {
                "linklist": "main-menu"
              }
            },
            "1481793118498": {
              "type": "tags",
              "settings": {
                "title": "Blog categories"
              }
            },
            "1481793121738": {
              "type": "rss",
              "settings": {
                "title": "RSS Feed"
              }
            }
          },
          "block_order": [
            "1482309304883",
            "1481793110411",
            "1482309324470",
            "1481793118498",
            "1481793121738"
          ],
          "settings": {
            "show_title": true,
            "blog_layout": "featured-columns",
            "show_image_first": "before",
            "show_author": true,
            "show_date": true,
            "center_title": true,
            "show_tags": true,
            "show_comments": true
          }
        },
        "article-template": {
          "type": "article-template",
          "blocks": {
            "1482309354407": {
              "type": "image",
              "settings": {
                "image": "",
                "link": ""
              }
            },
            "1481845836398": {
              "type": "recent_posts",
              "settings": {
                "title": "Recent posts",
                "article_count_range": 3,
                "show_date": true
              }
            },
            "1482309359503": {
              "type": "menu",
              "settings": {
                "linklist": "main-menu"
              }
            },
            "1481845845733": {
              "type": "tags",
              "settings": {
                "title": "Blog categories"
              }
            },
            "1481845849086": {
              "type": "rss",
              "settings": {
                "title": "RSS feed"
              }
            }
          },
          "block_order": [
            "1482309354407",
            "1481845836398",
            "1482309359503",
            "1481845845733",
            "1481845849086"
          ],
          "settings": {
            "show_title": true,
            "show_image_first": "before",
            "show_author": true,
            "show_date": true,
            "center_title": true
          }
        },
        "cart-template": {
          "type": "cart-template",
          "settings": {
            "show_notes": true,
            "show_vendors": true,
            "extra_featured_products": "",
            "variant_rollover": true
          }
        },
        "1482079506908": {
          "type": "simple-collection",
          "settings": {
            "center_heading": true,
            "button_label": "View more",
            "button_link": "shopify:\/\/collections\/all",
            "collection": "",
            "product_count_range": 8
          }
        },
        "1482145227743": {
          "type": "featured-blog",
          "settings": {
            "blog": "",
            "button_label": "View the blog",
            "post_limit": "3",
            "align_text": "center",
            "show_image_first": true,
            "show_dates": true,
            "show_excerpts": true,
            "show_read_more": false
          }
        },
        "collection-list-template": {
          "type": "collection-list-template",
          "blocks": {
            "1482292067654": {
              "type": "menu",
              "settings": {
                "linklist": "main-menu"
              }
            },
            "1482292071355": {
              "type": "tags",
              "settings": {
                "title": "Shop by",
                "tag_style": "buttons",
                "tag_grouping": false
              }
            }
          },
          "block_order": [
            "1482292067654",
            "1482292071355"
          ],
          "settings": {
            "image_placement": "default",
            "sort_enable": true,
            "layout_enable": true
          }
        },
        "search-template": {
          "type": "search-template",
          "settings": {
            "search_layout": "grid",
            "extra_featured_products": ""
          }
        },
        "password-template": {
          "type": "password-template",
          "settings": {
            "logo": "",
            "logo_max_width": 280,
            "title": "Coming Soon",
            "show_newsletter": true,
            "show_social_share": true,
            "social_share_title": "Share the news",
            "color_text": "#4f4f4f",
            "color_title": "#000000",
            "color_background": "#ffffff",
            "color_accent": "#00b5ff",
            "background_image": ""
          }
        },
        "1581665586907": {
          "type": "shop-the-look",
          "blocks": {
            "1581665586907-0": {
              "type": "image",
              "settings": {
                "image": "",
                "link": "",
                "enable_overlay": false,
                "title": "",
                "text": "",
                "product_1": "",
                "product_2": ""
              }
            },
            "1581665586907-1": {
              "type": "image",
              "settings": {
                "image": "",
                "link": "",
                "enable_overlay": false,
                "title": "",
                "text": "",
                "product_1": "",
                "product_2": ""
              }
            },
            "1581665586907-2": {
              "type": "image",
              "settings": {
                "image": "",
                "link": "",
                "enable_overlay": false,
                "title": "",
                "text": "",
                "product_1": "",
                "product_2": ""
              }
            },
            "1581665586907-3": {
              "type": "image",
              "settings": {
                "image": "",
                "link": "",
                "enable_overlay": false,
                "title": "",
                "text": "",
                "product_1": "",
                "product_2": ""
              }
            },
            "1581665586907-4": {
              "type": "image",
              "settings": {
                "image": "",
                "link": "",
                "enable_overlay": false,
                "title": "",
                "text": "",
                "product_1": "",
                "product_2": ""
              }
            },
            "1581665586907-5": {
              "type": "image",
              "settings": {
                "image": "",
                "link": "",
                "enable_overlay": false,
                "title": "",
                "text": "",
                "product_1": "",
                "product_2": ""
              }
            }
          },
          "block_order": [
            "1581665586907-0",
            "1581665586907-1",
            "1581665586907-2",
            "1581665586907-3",
            "1581665586907-4",
            "1581665586907-5"
          ],
          "settings": {
            "title": "Shop The Look",
            "show_button": true,
            "button_label": "Follow Us",
            "link": "",
            "full_width": true,
            "images_per_row": 6,
            "images_per_row_mobile": 2,
            "image_ratio": "100%"
          }
        }
      },
      "content_for_index": [
        "1481011869014",
        "1481011878590",
        "1482079506908",
        "1581665586907",
        "1482145227743"
      ]
    }
  },
  "current": {
    "primary_text_color": "#4f4f4f",
    "primary_title_color": "#000000",
    "primary_background_color": "#ffffff",
    "content_box_background_color": "#f3f3f3",
    "primary_accent_color": "#209a9a",
    "primary_dropshadow": false,
    "homepage_show_borders": true,
    "site_border_color": "#e9e9e9",
    "site_border_text_color": "#505050",
    "site_header_title_text_color": "#000000",
    "site_header_nav_text_color": "#000000",
    "site_header_background_color": "#ffffff",
    "site_header_accent_color": "#209a9a",
    "footer_background_color": "#e9e9e9",
    "footer_title_text_color": "#606060",
    "footer_title_accent_color": "#565656",
    "typography_body_font": "ibm_plex_sans_n4",
    "typography_base_size_modify": "1",
    "typography_headings_font": "archivo_narrow_n4",
    "typography_header_base_size_modify": "1",
    "typography_headings_capitalize": false,
    "typography_headings_bold": false,
    "typography_navigation_font": "ibm_plex_sans_n4",
    "favicon": "",
    "collections_product_ratio": "100%",
    "collection_product_auto_crop": false,
    "variant_rollover": false,
    "collections_product_columns": "2",
    "show_vendors": false,
    "show_breadcrumbs": "desktop",
    "ajax_cart_enable": true,
    "cart_icon": "cart",
    "social_twitter_link": "",
    "social_facebook_link": "https:\/\/www.facebook.com\/elenahandbags",
    "social_instagram_link": "https:\/\/www.instagram.com\/elenahandbags\/",
    "social_pinterest_link": "https:\/\/www.pinterest.com\/elenahandbags\/",
    "social_tumblr_link": "",
    "social_youtube_link": "",
    "social_snapchat_link": "",
    "social_spotify_link": "",
    "social_googleplus_link": "",
    "social_medium_link": "",
    "social_linkedin_link": "",
    "social_amazon_link": "",
    "social_share_facebook_enabled": true,
    "social_share_twitter_enabled": true,
    "social_share_pinterest_enabled": true,
    "social_share_googleplus_enabled": false,
    "social_share_fancy_enabled": false,
    "checkout_header_image": "",
    "checkout_logo_image": "",
    "checkout_logo_position": "left",
    "checkout_logo_size": "medium",
    "checkout_body_background_image": "",
    "checkout_body_background_color": "#fff",
    "checkout_input_background_color_mode": "white",
    "checkout_sidebar_background_image": "",
    "checkout_sidebar_background_color": "#fafafa",
    "checkout_heading_font": "Open Sans",
    "checkout_body_font": "Open Sans",
    "checkout_accent_color": "#008080",
    "checkout_button_color": "#008080",
    "checkout_error_color": "#ff6d6d",
    "newsletter_type": "shopify",
    "email_offer_form_action": "",
    "sections": {
      "promos": {
        "type": "promos",
        "blocks": {
          "1482143996282": {
            "type": "announcement-bar",
            "settings": {
              "show_announcement_bar": true,
              "title": "Free Standard Shipping to the U.S",
              "link": "shopify:\/\/collections\/all",
              "color_background": "#008080",
              "color_text": "#ffffff",
              "homepage_limit": false,
              "show_for": "both",
              "bar_size": "default",
              "bar_placement": "top",
              "autohide": false,
              "autohide_delay_range": 15
            }
          }
        },
        "block_order": [
          "1482143996282"
        ],
        "settings": {
          "scroll_lock": false
        }
      },
      "header": {
        "type": "header",
        "settings": {
          "header_layout": "vertical",
          "logo": "shopify:\/\/shop_images\/Untitled-2_b8814617-d589-481e-be0e-024237edbf3a.png",
          "logo_max_width": 200,
          "main_linklist": "main-menu",
          "mega_menu": true,
          "scroll_lock": "util",
          "minimal_padding": "minimal",
          "top_bar_full_width": true,
          "header_full_width": true,
          "show_locale_selector": true,
          "show_currency_selector": true
        }
      },
      "footer": {
        "type": "footer",
        "blocks": {
          "1477520939001": {
            "type": "newsletter",
            "settings": {
              "title": "GET 10% OFF",
              "text_richtext": "<p>Subscribe to be the first to hear about our exclusive offers and latest arrivals.<\/p>"
            }
          },
          "1477519493091": {
            "type": "menu",
            "settings": {
              "title": "OUR POLICY",
              "text": "",
              "footer_linklist": "footer"
            }
          },
          "a5837ab3-6ce2-4f01-a659-fec42633eea0": {
            "type": "menu",
            "settings": {
              "title": "Quick Link",
              "text": "",
              "footer_linklist": "main-menu"
            }
          },
          "5cf5b6ca-1ae7-4b6d-8cdc-14fb9da3e251": {
            "type": "contact",
            "settings": {
              "title": "Contact us",
              "show_contact": true,
              "phone": "",
              "contact_text": "For product inquiries please email us at help@elenahandbags.com or call us Monday - Friday 9AM - 5PM @ +1-800-849-2518",
              "contact_link": "",
              "address": "",
              "show_social": true
            }
          }
        },
        "block_order": [
          "1477520939001",
          "1477519493091",
          "a5837ab3-6ce2-4f01-a659-fec42633eea0",
          "5cf5b6ca-1ae7-4b6d-8cdc-14fb9da3e251"
        ],
        "settings": {
          "show_payment_icons": true,
          "show_locale_selector": true,
          "show_currency_selector": true,
          "trust_richtext": ""
        }
      },
      "1481011869014": {
        "type": "slideshow",
        "blocks": {
          "1481011869014-2": {
            "type": "image",
            "settings": {
              "image": "shopify:\/\/shop_images\/la.png",
              "mobile_image": "shopify:\/\/shop_images\/la_b9af7406-d3da-4d9e-85eb-21603dd8e90e.png",
              "link": "shopify:\/\/collections\/all",
              "title": "ELENA  HANDBAGS",
              "text": "<p>Unique Design and Best Return Policy<\/p>",
              "button_label": "Shop Now",
              "button_link": "shopify:\/\/collections\/all",
              "vertical_alignment": "align-center",
              "horizontal_alignment": "justify-end",
              "color_text": "#000000",
              "color_accent": "#008080",
              "color_overlay": "#ffffff",
              "color_overlay_alpha_range": 0
            }
          },
          "1481011869014-1": {
            "type": "image",
            "settings": {
              "image": "shopify:\/\/shop_images\/02.png",
              "mobile_image": "shopify:\/\/shop_images\/cd_fcf3b128-e72a-407f-a321-88f4cb83e360.png",
              "link": "shopify:\/\/collections\/leather-bags",
              "title": "Leather Bags",
              "text": "<p>Stylish And Reasonable Price<\/p>",
              "button_label": "Shop Now",
              "button_link": "shopify:\/\/collections\/all",
              "vertical_alignment": "align-center",
              "horizontal_alignment": "justify-start",
              "color_text": "#000000",
              "color_accent": "#008080",
              "color_overlay": "#ffffff",
              "color_overlay_alpha_range": 10
            }
          },
          "1481011869014-0": {
            "type": "image",
            "settings": {
              "image": "shopify:\/\/shop_images\/01.png",
              "mobile_image": "shopify:\/\/shop_images\/v_e3be38b3-a5e5-43b0-b0c1-e8b2522e9988.png",
              "link": "shopify:\/\/collections",
              "title": "NEW ARRIVALS",
              "text": "<p>Get Our New Products and Get 10% Discount<\/p>",
              "button_label": "SHOP NOW",
              "button_link": "shopify:\/\/collections\/all",
              "vertical_alignment": "align-center",
              "horizontal_alignment": "justify-end",
              "color_text": "#000000",
              "color_accent": "#008080",
              "color_overlay": "#ffffff",
              "color_overlay_alpha_range": 10
            }
          }
        },
        "block_order": [
          "1481011869014-2",
          "1481011869014-1",
          "1481011869014-0"
        ],
        "settings": {
          "full_width": true,
          "autoplay": true,
          "autoplay_speed_range": 4,
          "show_dots": true,
          "show_arrows": false
        }
      },
      "product-template": {
        "type": "product-template",
        "settings": {
          "show_vendors": false,
          "show_savings": false,
          "size_guide_page": "",
          "product_quantity_enable": true,
          "show_payment_button": false,
          "product_box_padding": true,
          "variant_style": "buttons",
          "variant_swatch_images": false,
          "variant_swatch_shape": "circle",
          "variant_swatch_soldout": true,
          "enable_image_slider": true,
          "show_dots": true,
          "show_arrows": true,
          "thumbnails_placement": "below",
          "enable_thumb_slider": true,
          "product_featured_zoom_enable": true,
          "product_featured_lightbox_enable": true,
          "enable_video_looping": false,
          "tabs_enable": false,
          "tabs_auto_headings": "h4",
          "tabs_title": "Description",
          "tabs_global_page_1": "",
          "tabs_global_page_2": "",
          "tabs_global_page_3": "",
          "show_product_jump": false,
          "show_share_buttons": true
        }
      },
      "collection-template": {
        "type": "collection-template",
        "blocks": {
          "1481677963388": {
            "type": "menu",
            "settings": {
              "linklist": "main-menu"
            }
          },
          "1481677984912": {
            "type": "tags",
            "disabled": true,
            "settings": {
              "title": "Filter products",
              "tag_style": "menu",
              "tag_grouping": true
            }
          }
        },
        "block_order": [
          "1481677963388",
          "1481677984912"
        ],
        "settings": {
          "products_per_page_range": 12,
          "image_placement": "hidden",
          "sort_enable": true,
          "layout_enable": true
        }
      },
      "list-collections-template": {
        "type": "list-collections-template",
        "blocks": {
          "1484256559451": {
            "type": "collection",
            "settings": {
              "collection": ""
            }
          },
          "1484256561216": {
            "type": "collection",
            "settings": {
              "collection": ""
            }
          },
          "1484256562272": {
            "type": "collection",
            "settings": {
              "collection": ""
            }
          }
        },
        "block_order": [
          "1484256559451",
          "1484256561216",
          "1484256562272"
        ],
        "settings": {
          "title": "All collections",
          "layout": "grid"
        }
      },
      "blog-template": {
        "type": "blog-template",
        "blocks": {
          "1481793110411": {
            "type": "recent_posts",
            "settings": {
              "title": "Recent posts",
              "article_count_range": 3,
              "show_date": true
            }
          },
          "1481793118498": {
            "type": "tags",
            "settings": {
              "title": "Blog categories"
            }
          },
          "1481793121738": {
            "type": "rss",
            "settings": {
              "title": "RSS feed"
            }
          }
        },
        "block_order": [
          "1481793110411",
          "1481793118498",
          "1481793121738"
        ],
        "settings": {
          "show_title": true,
          "blog_layout": "column",
          "show_image_first": "after",
          "show_author": true,
          "show_date": true,
          "center_title": true,
          "show_tags": true,
          "show_comments": true
        }
      },
      "article-template": {
        "type": "article-template",
        "blocks": {
          "1481845836398": {
            "type": "recent_posts",
            "settings": {
              "title": "Recent posts",
              "article_count_range": 3,
              "show_date": true
            }
          },
          "1481845845733": {
            "type": "tags",
            "settings": {
              "title": "Blog categories"
            }
          },
          "1481845849086": {
            "type": "rss",
            "settings": {
              "title": "RSS feed"
            }
          }
        },
        "block_order": [
          "1481845836398",
          "1481845845733",
          "1481845849086"
        ],
        "settings": {
          "show_title": true,
          "show_image_first": "after",
          "show_author": true,
          "show_date": true,
          "center_title": true
        }
      },
      "cart-template": {
        "type": "cart-template",
        "settings": {
          "show_notes": true,
          "show_vendors": true,
          "extra_featured_products": "",
          "variant_rollover": true
        }
      },
      "1482079506908": {
        "type": "simple-collection",
        "settings": {
          "title": "New Arrivals",
          "center_heading": false,
          "button_label": "View More",
          "button_link": "shopify:\/\/collections\/all",
          "collection": "whats-new",
          "product_count_range": 4
        }
      },
      "collection-list-template": {
        "type": "collection-list-template",
        "blocks": {
          "1482292067654": {
            "type": "menu",
            "settings": {
              "linklist": "main-menu"
            }
          },
          "1482292071355": {
            "type": "tags",
            "settings": {
              "title": "Shop by",
              "tag_style": "buttons",
              "tag_grouping": false
            }
          }
        },
        "block_order": [
          "1482292067654",
          "1482292071355"
        ],
        "settings": {
          "image_placement": "default",
          "sort_enable": true,
          "layout_enable": true
        }
      },
      "search-template": {
        "type": "search-template",
        "settings": {
          "search_layout": "grid",
          "extra_featured_products": ""
        }
      },
      "1482079423671": {
        "type": "featured-collection",
        "settings": {
          "title": "Our Best Selling Products",
          "text": "Best Choices of our customers Of course Best Quality",
          "button_label": "View More",
          "button_link": "shopify:\/\/collections\/all",
          "collection": "frontpage",
          "product_count_range": 6
        }
      },
      "1640316877de8828af": {
        "type": "newsletter",
        "settings": {
          "title": "Newsletter Sign Up & 10% Off",
          "text": "<p>Subscribe to be the first to hear about our exclusive offers and latest arrivals.<\/p>",
          "hero_size": "small",
          "color_text": "#606060",
          "color_accent": "#424242",
          "color_background": "#f0f0f0",
          "color_background_alpha_range": 100,
          "alignment": "center"
        }
      },
      "16403169235e47dbfb": {
        "type": "collection-list",
        "blocks": {
          "16403169235e47dbfb-0": {
            "type": "featured_collection",
            "settings": {
              "collection": "canvas-bags"
            }
          },
          "16403169235e47dbfb-1": {
            "type": "featured_collection",
            "settings": {
              "collection": "crochet-bags"
            }
          },
          "16403169235e47dbfb-2": {
            "type": "featured_collection",
            "settings": {
              "collection": "crossbody-bags"
            }
          },
          "f8e32f88-eed1-48be-82ad-3efe44b76bc0": {
            "type": "featured_collection",
            "settings": {
              "collection": "knit-bags"
            }
          },
          "543e3988-a79b-4eb4-83a3-a8f0b6cda0ea": {
            "type": "featured_collection",
            "settings": {
              "collection": "leather-bags"
            }
          },
          "d3bc7c2e-5086-44b0-8991-8e5b7ce2c5e9": {
            "type": "featured_collection",
            "settings": {
              "collection": "shoulder-bags"
            }
          },
          "0a2fa12d-ec17-455f-b5be-17bc5090e3d7": {
            "type": "featured_collection",
            "settings": {
              "collection": "straw-bags"
            }
          },
          "60ec4039-7bd4-4c71-99a8-d0c7ee3e056c": {
            "type": "featured_collection",
            "settings": {
              "collection": "totes"
            }
          }
        },
        "block_order": [
          "16403169235e47dbfb-0",
          "16403169235e47dbfb-1",
          "16403169235e47dbfb-2",
          "f8e32f88-eed1-48be-82ad-3efe44b76bc0",
          "543e3988-a79b-4eb4-83a3-a8f0b6cda0ea",
          "d3bc7c2e-5086-44b0-8991-8e5b7ce2c5e9",
          "0a2fa12d-ec17-455f-b5be-17bc5090e3d7",
          "60ec4039-7bd4-4c71-99a8-d0c7ee3e056c"
        ],
        "settings": {
          "title": "Our collections",
          "full_width": false,
          "section_padding": true,
          "gutter": true,
          "columns_range": 4,
          "text_placement": "over",
          "color_overlay": "#4f4f4f",
          "color_overlay_hover": "#000000",
          "color_overlay_text": "#ffffff",
          "color_overlay_alpha_range": 15,
          "zoom": true
        }
      },
      "1640317617c6e0cd0a": {
        "type": "instafeed",
        "settings": {
          "heading_font": "sans-serif",
          "heading_size": 27,
          "feed_width": 95,
          "html_area": ""
        }
      },
      "16411469103b80fec6": {
        "type": "slideshow",
        "blocks": {
          "16411469103b80fec6-0": {
            "type": "image",
            "settings": {
              "image": "shopify:\/\/shop_images\/b.png",
              "mobile_image": "shopify:\/\/shop_images\/b_37c1f9e4-71fc-4772-862f-f7bc6fd6a89b.png",
              "link": "",
              "title": "",
              "text": "",
              "button_label": "",
              "button_link": "",
              "vertical_alignment": "align-center",
              "horizontal_alignment": "justify-center",
              "color_text": "#000000",
              "color_accent": "#000000",
              "color_overlay": "#ffffff",
              "color_overlay_alpha_range": 0
            }
          }
        },
        "block_order": [
          "16411469103b80fec6-0"
        ],
        "settings": {
          "full_width": true,
          "autoplay": false,
          "autoplay_speed_range": 5,
          "show_dots": false,
          "show_arrows": false
        }
      },
      "product-recommendations": {
        "type": "product-recommendations",
        "settings": {
          "show_product_recommendations": true,
          "product_recommendations_heading": "You may also like",
          "product_recommendations_limit": "4"
        }
      }
    },
    "content_for_index": [
      "1481011869014",
      "1482079423671",
      "16403169235e47dbfb",
      "16411469103b80fec6",
      "1482079506908",
      "1640316877de8828af",
      "1640317617c6e0cd0a"
    ]
  }
}